[
  {
    "icon": "fa fa-home",
    "slug": "external",
    "title": "Volver al inicio",
    "path": "index.html"
  },  
  {
    "icon": "fa fa-play-circle",
    "slug": "tema-1",
    "title": "1. Política Nacional en Seguridad Alimentaria y Nutricional (SAN)",
    "path": "pages/tema-1.html"
  }, 
  {
    "icon": "fa fa-file-text-o",
    "slug": "tema-2",
    "title": "2. Derecho Humano a la alimentación como nuevo enfoque de la Política SAN",
    "path": "pages/tema-2.html" 
  },
  {
    "icon": "fa fa-play-circle",
    "slug": "tema-3",
    "title": "3. Situación nutricional en Colombia",
    "path": "pages/tema-3.html" 
  },
  {
    "icon": "fa fa-play-circle",
    "slug": "tema-4",
    "title": "4. Política de Estado para el Desarrollo Integral de la primera infancia de cero a siempre",
    "path": "pages/tema-4.html" 
  },
  {
    "icon": "fa fa-play-circle",
    "slug": "tema-5",
    "title": "5. Plan Decenal de Lactancia Materna",
    "path": "pages/tema-5.html" 
  },
  {
    "icon": "fa fa-file-text-o",
    "slug": "tema-6",
    "title": "6. Ruta integral de atención para la promoción y mantenimiento de la salud",
    "path": "pages/tema-6.html" 
  }        

]